<?xml  version="1.0" encoding="UTF-8"?>
<beans xmlns="http://www.springframework.org/schema/beans"
	xmlns:xsi="http://www.w3.org/2001/XMLSchema-instance"
	xmlns:aop="http://www.springframework.org/schema/aop"
	xmlns:context="http://www.springframework.org/schema/context"
	xmlns:jee="http://www.springframework.org/schema/jee"
	xmlns:lang="http://www.springframework.org/schema/lang"
	xmlns:p="http://www.springframework.org/schema/p"
	xmlns:tx="http://www.springframework.org/schema/tx"
	xmlns:util="http://www.springframework.org/schema/util"
	xmlns:mvc="http://www.springframework.org/schema/mvc"
	xsi:schemaLocation="http://www.springframework.org/schema/beans http://www.springframework.org/schema/beans/spring-beans.xsd
		http://www.springframework.org/schema/aop http://www.springframework.org/schema/aop/spring-aop.xsd
		http://www.springframework.org/schema/context http://www.springframework.org/schema/context/spring-context.xsd
		http://www.springframework.org/schema/jee http://www.springframework.org/schema/jee/spring-jee.xsd
		http://www.springframework.org/schema/lang http://www.springframework.org/schema/lang/spring-lang.xsd
		http://www.springframework.org/schema/tx http://www.springframework.org/schema/tx/spring-tx.xsd
		http://www.springframework.org/schema/util http://www.springframework.org/schema/util/spring-util.xsd
		http://www.springframework.org/schema/mvc
        http://www.springframework.org/schema/mvc/spring-mvc-3.2.xsd">
   
    <!-- è usato per attivare le annotazioni dei beans già registrati nel contesto di applicazione -->
	<context:annotation-config />
	<!-- Scannerizza il package x trovare e registrare i beans nell'application context -->
	<context:component-scan base-package="it.fides.intesa" />
	
	<bean id="dataSource"
        class="org.springframework.jdbc.datasource.DriverManagerDataSource">
        <property name="driverClassName" value="com.mysql.jdbc.Driver" />
        <property name="url" value="jdbc:mysql://192.168.4.149:3306/intesadb?serverTimezone=UTC" />
        <property name="username" value="team" />
        <property name="password" value="password"/>
    </bean>
    
	<!-- Definizione del bean che rappresenta il DAO -->
     <bean id="gestCodiciControparte" class="it.fides.intesa.dao.namedParameter.JdbcGestioneCodiciDellaControparteDAO">
        <property name="dataSource" ref="dataSource" />
    </bean>
    
    <bean id="gestDatiControparte" class="it.fides.intesa.dao.namedParameter.JdbcGestioneDatiDellaControparteDAO">
        <property name="dataSource" ref="dataSource" />
    </bean>
    
    <bean id="gestSett" class="it.fides.intesa.dao.namedParameter.JdbcGestioneSettorizzazioniDAO">
    	<property name="dataSource" ref="dataSource" />
    </bean>    
    
    <bean id="gestEspInf" class="it.fides.intesa.dao.namedParameter.JdbcGestioneEspansioneInformativaDAO">
    	<property name="dataSource" ref="dataSource" />
    </bean>
    
     <bean id="banca" class="it.fides.intesa.dao.namedParameter.JdbcBancaDAO">
    	<property name="dataSource" ref="dataSource" />
    </bean>
    
    <bean id="viewResolver"  class="org.springframework.web.servlet.view.InternalResourceViewResolver" >
	    <property name="prefix">
	        <value>/WEB-INF/pages/</value>
	     </property>
	    <property name="suffix">
	       <value>.jsp</value>
	    </property>
    </bean>
    
 </beans> 



